[
  {"name": "Harvard University", "country": "United States", "state": "Massachusetts", "domain": "harvard.edu"},
  {"name": "Stanford University", "country": "United States", "state": "California", "domain": "stanford.edu"},
  {"name": "Massachusetts Institute of Technology", "country": "United States", "state": "Massachusetts", "domain": "mit.edu"},
  {"name": "Yale University", "country": "United States", "state": "Connecticut", "domain": "yale.edu"},
  {"name": "Princeton University", "country": "United States", "state": "New Jersey", "domain": "princeton.edu"},
  {"name": "Columbia University", "country": "United States", "state": "New York", "domain": "columbia.edu"},
  {"name": "University of Chicago", "country": "United States", "state": "Illinois", "domain": "uchicago.edu"},
  {"name": "Duke University", "country": "United States", "state": "North Carolina", "domain": "duke.edu"},
  {"name": "Northwestern University", "country": "United States", "state": "Illinois", "domain": "northwestern.edu"},
  {"name": "California Institute of Technology", "country": "United States", "state": "California", "domain": "caltech.edu"},
  {"name": "Johns Hopkins University", "country": "United States", "state": "Maryland", "domain": "jhu.edu"},
  {"name": "Dartmouth College", "country": "United States", "state": "New Hampshire", "domain": "dartmouth.edu"},
  {"name": "Brown University", "country": "United States", "state": "Rhode Island", "domain": "brown.edu"},
  {"name": "Vanderbilt University", "country": "United States", "state": "Tennessee", "domain": "vanderbilt.edu"},
  {"name": "Rice University", "country": "United States", "state": "Texas", "domain": "rice.edu"},
  {"name": "Cornell University", "country": "United States", "state": "New York", "domain": "cornell.edu"},
  {"name": "University of Notre Dame", "country": "United States", "state": "Indiana", "domain": "nd.edu"},
  {"name": "University of California, Los Angeles", "country": "United States", "state": "California", "domain": "ucla.edu"},
  {"name": "University of California, Berkeley", "country": "United States", "state": "California", "domain": "berkeley.edu"},
  {"name": "University of Michigan", "country": "United States", "state": "Michigan", "domain": "umich.edu"},
  {"name": "Carnegie Mellon University", "country": "United States", "state": "Pennsylvania", "domain": "cmu.edu"},
  {"name": "Emory University", "country": "United States", "state": "Georgia", "domain": "emory.edu"},
  {"name": "Georgetown University", "country": "United States", "state": "Washington D.C.", "domain": "georgetown.edu"},
  {"name": "University of Virginia", "country": "United States", "state": "Virginia", "domain": "virginia.edu"},
  {"name": "University of Southern California", "country": "United States", "state": "California", "domain": "usc.edu"},
  {"name": "New York University", "country": "United States", "state": "New York", "domain": "nyu.edu"},
  {"name": "Tufts University", "country": "United States", "state": "Massachusetts", "domain": "tufts.edu"},
  {"name": "University of North Carolina at Chapel Hill", "country": "United States", "state": "North Carolina", "domain": "unc.edu"},
  {"name": "Wake Forest University", "country": "United States", "state": "North Carolina", "domain": "wfu.edu"},
  {"name": "Boston College", "country": "United States", "state": "Massachusetts", "domain": "bc.edu"},
  {"name": "Boston University", "country": "United States", "state": "Massachusetts", "domain": "bu.edu"},
  {"name": "University of Rochester", "country": "United States", "state": "New York", "domain": "rochester.edu"},
  {"name": "Brandeis University", "country": "United States", "state": "Massachusetts", "domain": "brandeis.edu"},
  {"name": "Case Western Reserve University", "country": "United States", "state": "Ohio", "domain": "case.edu"},
  {"name": "University of Florida", "country": "United States", "state": "Florida", "domain": "ufl.edu"},
  {"name": "University of Texas at Austin", "country": "United States", "state": "Texas", "domain": "utexas.edu"},
  {"name": "Georgia Institute of Technology", "country": "United States", "state": "Georgia", "domain": "gatech.edu"},
  {"name": "University of Wisconsin-Madison", "country": "United States", "state": "Wisconsin", "domain": "wisc.edu"},
  {"name": "University of Illinois Urbana-Champaign", "country": "United States", "state": "Illinois", "domain": "illinois.edu"},
  {"name": "Pennsylvania State University", "country": "United States", "state": "Pennsylvania", "domain": "psu.edu"},
  {"name": "Ohio State University", "country": "United States", "state": "Ohio", "domain": "osu.edu"},
  {"name": "Purdue University", "country": "United States", "state": "Indiana", "domain": "purdue.edu"},
  {"name": "University of Washington", "country": "United States", "state": "Washington", "domain": "washington.edu"},
  {"name": "University of Maryland", "country": "United States", "state": "Maryland", "domain": "umd.edu"},
  {"name": "University of Minnesota", "country": "United States", "state": "Minnesota", "domain": "umn.edu"},
  {"name": "University of Pittsburgh", "country": "United States", "state": "Pennsylvania", "domain": "pitt.edu"},
  {"name": "Rutgers University", "country": "United States", "state": "New Jersey", "domain": "rutgers.edu"},
  {"name": "University of Colorado Boulder", "country": "United States", "state": "Colorado", "domain": "colorado.edu"},
  {"name": "University of Arizona", "country": "United States", "state": "Arizona", "domain": "arizona.edu"},
  {"name": "Arizona State University", "country": "United States", "state": "Arizona", "domain": "asu.edu"},
  {"name": "Indiana University", "country": "United States", "state": "Indiana", "domain": "indiana.edu"},
  {"name": "University of Iowa", "country": "United States", "state": "Iowa", "domain": "uiowa.edu"},
  {"name": "Michigan State University", "country": "United States", "state": "Michigan", "domain": "msu.edu"},
  {"name": "University of Oregon", "country": "United States", "state": "Oregon", "domain": "uoregon.edu"},
  {"name": "Oregon State University", "country": "United States", "state": "Oregon", "domain": "oregonstate.edu"},
  {"name": "University of Utah", "country": "United States", "state": "Utah", "domain": "utah.edu"},
  {"name": "Virginia Tech", "country": "United States", "state": "Virginia", "domain": "vt.edu"},
  {"name": "Texas A&M University", "country": "United States", "state": "Texas", "domain": "tamu.edu"},
  {"name": "University of Georgia", "country": "United States", "state": "Georgia", "domain": "uga.edu"},
  {"name": "University of Tennessee", "country": "United States", "state": "Tennessee", "domain": "utk.edu"},
  {"name": "University of Kentucky", "country": "United States", "state": "Kentucky", "domain": "uky.edu"},
  {"name": "University of South Carolina", "country": "United States", "state": "South Carolina", "domain": "sc.edu"},
  {"name": "Clemson University", "country": "United States", "state": "South Carolina", "domain": "clemson.edu"},
  {"name": "University of Alabama", "country": "United States", "state": "Alabama", "domain": "ua.edu"},
  {"name": "Auburn University", "country": "United States", "state": "Alabama", "domain": "auburn.edu"},
  {"name": "Louisiana State University", "country": "United States", "state": "Louisiana", "domain": "lsu.edu"},
  {"name": "University of Oklahoma", "country": "United States", "state": "Oklahoma", "domain": "ou.edu"},
  {"name": "Oklahoma State University", "country": "United States", "state": "Oklahoma", "domain": "okstate.edu"},
  {"name": "University of Kansas", "country": "United States", "state": "Kansas", "domain": "ku.edu"},
  {"name": "Kansas State University", "country": "United States", "state": "Kansas", "domain": "ksu.edu"},
  {"name": "University of Nebraska-Lincoln", "country": "United States", "state": "Nebraska", "domain": "unl.edu"},
  {"name": "University of Missouri", "country": "United States", "state": "Missouri", "domain": "missouri.edu"},
  {"name": "Washington University in St. Louis", "country": "United States", "state": "Missouri", "domain": "wustl.edu"},
  {"name": "Saint Louis University", "country": "United States", "state": "Missouri", "domain": "slu.edu"},
  {"name": "DePaul University", "country": "United States", "state": "Illinois", "domain": "depaul.edu"},
  {"name": "Loyola University Chicago", "country": "United States", "state": "Illinois", "domain": "luc.edu"},
  {"name": "University of Illinois at Chicago", "country": "United States", "state": "Illinois", "domain": "uic.edu"},
  {"name": "Illinois Institute of Technology", "country": "United States", "state": "Illinois", "domain": "iit.edu"},
  {"name": "Northern Illinois University", "country": "United States", "state": "Illinois", "domain": "niu.edu"},
  {"name": "Southern Illinois University", "country": "United States", "state": "Illinois", "domain": "siu.edu"},
  {"name": "University of California, San Diego", "country": "United States", "state": "California", "domain": "ucsd.edu"},
  {"name": "University of California, Davis", "country": "United States", "state": "California", "domain": "ucdavis.edu"},
  {"name": "University of California, Irvine", "country": "United States", "state": "California", "domain": "uci.edu"},
  {"name": "University of California, Santa Barbara", "country": "United States", "state": "California", "domain": "ucsb.edu"},
  {"name": "University of California, Santa Cruz", "country": "United States", "state": "California", "domain": "ucsc.edu"},
  {"name": "University of California, Riverside", "country": "United States", "state": "California", "domain": "ucr.edu"},
  {"name": "San Diego State University", "country": "United States", "state": "California", "domain": "sdsu.edu"},
  {"name": "San Jose State University", "country": "United States", "state": "California", "domain": "sjsu.edu"},
  {"name": "San Francisco State University", "country": "United States", "state": "California", "domain": "sfsu.edu"},
  {"name": "California State University, Los Angeles", "country": "United States", "state": "California", "domain": "calstatela.edu"},
  {"name": "California State University, Fullerton", "country": "United States", "state": "California", "domain": "fullerton.edu"},
  {"name": "California State University, Long Beach", "country": "United States", "state": "California", "domain": "csulb.edu"},
  {"name": "California State University, Northridge", "country": "United States", "state": "California", "domain": "csun.edu"},
  {"name": "Fresno State University", "country": "United States", "state": "California", "domain": "fresnostate.edu"},
  {"name": "Sacramento State University", "country": "United States", "state": "California", "domain": "csus.edu"},
  {"name": "Pepperdine University", "country": "United States", "state": "California", "domain": "pepperdine.edu"},
  {"name": "Santa Clara University", "country": "United States", "state": "California", "domain": "scu.edu"},
  {"name": "University of San Francisco", "country": "United States", "state": "California", "domain": "usfca.edu"},
  {"name": "University of San Diego", "country": "United States", "state": "California", "domain": "sandiego.edu"},
  {"name": "Loyola Marymount University", "country": "United States", "state": "California", "domain": "lmu.edu"},
  {"name": "Chapman University", "country": "United States", "state": "California", "domain": "chapman.edu"},
  {"name": "University of the Pacific", "country": "United States", "state": "California", "domain": "pacific.edu"},
  {"name": "Northeastern University", "country": "United States", "state": "Massachusetts", "domain": "northeastern.edu"},
  {"name": "University of Massachusetts Amherst", "country": "United States", "state": "Massachusetts", "domain": "umass.edu"},
  {"name": "University of Massachusetts Boston", "country": "United States", "state": "Massachusetts", "domain": "umb.edu"},
  {"name": "Suffolk University", "country": "United States", "state": "Massachusetts", "domain": "suffolk.edu"},
  {"name": "Bentley University", "country": "United States", "state": "Massachusetts", "domain": "bentley.edu"},
  {"name": "Babson College", "country": "United States", "state": "Massachusetts", "domain": "babson.edu"},
  {"name": "Worcester Polytechnic Institute", "country": "United States", "state": "Massachusetts", "domain": "wpi.edu"},
  {"name": "University of Connecticut", "country": "United States", "state": "Connecticut", "domain": "uconn.edu"},
  {"name": "University of Rhode Island", "country": "United States", "state": "Rhode Island", "domain": "uri.edu"},
  {"name": "University of Vermont", "country": "United States", "state": "Vermont", "domain": "uvm.edu"},
  {"name": "University of New Hampshire", "country": "United States", "state": "New Hampshire", "domain": "unh.edu"},
  {"name": "University of Maine", "country": "United States", "state": "Maine", "domain": "umaine.edu"},
  {"name": "University of Delaware", "country": "United States", "state": "Delaware", "domain": "udel.edu"},
  {"name": "Drexel University", "country": "United States", "state": "Pennsylvania", "domain": "drexel.edu"},
  {"name": "Temple University", "country": "United States", "state": "Pennsylvania", "domain": "temple.edu"},
  {"name": "Villanova University", "country": "United States", "state": "Pennsylvania", "domain": "villanova.edu"},
  {"name": "Lehigh University", "country": "United States", "state": "Pennsylvania", "domain": "lehigh.edu"},
  {"name": "Penn State University", "country": "United States", "state": "Pennsylvania", "domain": "psu.edu"},
  {"name": "University of Pennsylvania", "country": "United States", "state": "Pennsylvania", "domain": "upenn.edu"},
  {"name": "Syracuse University", "country": "United States", "state": "New York", "domain": "syr.edu"},
  {"name": "University at Buffalo", "country": "United States", "state": "New York", "domain": "buffalo.edu"},
  {"name": "Stony Brook University", "country": "United States", "state": "New York", "domain": "stonybrook.edu"},
  {"name": "University at Albany", "country": "United States", "state": "New York", "domain": "albany.edu"},
  {"name": "Binghamton University", "country": "United States", "state": "New York", "domain": "binghamton.edu"},
  {"name": "Rensselaer Polytechnic Institute", "country": "United States", "state": "New York", "domain": "rpi.edu"},
  {"name": "Rochester Institute of Technology", "country": "United States", "state": "New York", "domain": "rit.edu"},
  {"name": "Fordham University", "country": "United States", "state": "New York", "domain": "fordham.edu"},
  {"name": "Hofstra University", "country": "United States", "state": "New York", "domain": "hofstra.edu"},
  {"name": "Adelphi University", "country": "United States", "state": "New York", "domain": "adelphi.edu"},
  {"name": "Pace University", "country": "United States", "state": "New York", "domain": "pace.edu"},
  {"name": "The New School", "country": "United States", "state": "New York", "domain": "newschool.edu"},
  {"name": "Pratt Institute", "country": "United States", "state": "New York", "domain": "pratt.edu"},
  {"name": "Parsons School of Design", "country": "United States", "state": "New York", "domain": "newschool.edu"},
  {"name": "Fashion Institute of Technology", "country": "United States", "state": "New York", "domain": "fitnyc.edu"},
  {"name": "School of Visual Arts", "country": "United States", "state": "New York", "domain": "sva.edu"},
  {"name": "Cooper Union", "country": "United States", "state": "New York", "domain": "cooper.edu"},
  {"name": "Stevens Institute of Technology", "country": "United States", "state": "New Jersey", "domain": "stevens.edu"},
  {"name": "New Jersey Institute of Technology", "country": "United States", "state": "New Jersey", "domain": "njit.edu"},
  {"name": "Seton Hall University", "country": "United States", "state": "New Jersey", "domain": "shu.edu"},
  {"name": "Montclair State University", "country": "United States", "state": "New Jersey", "domain": "montclair.edu"},
  {"name": "Rowan University", "country": "United States", "state": "New Jersey", "domain": "rowan.edu"},
  {"name": "American University", "country": "United States", "state": "Washington D.C.", "domain": "american.edu"},
  {"name": "George Washington University", "country": "United States", "state": "Washington D.C.", "domain": "gwu.edu"},
  {"name": "Howard University", "country": "United States", "state": "Washington D.C.", "domain": "howard.edu"},
  {"name": "Catholic University of America", "country": "United States", "state": "Washington D.C.", "domain": "cua.edu"},
  {"name": "George Mason University", "country": "United States", "state": "Virginia", "domain": "gmu.edu"},
  {"name": "James Madison University", "country": "United States", "state": "Virginia", "domain": "jmu.edu"},
  {"name": "Old Dominion University", "country": "United States", "state": "Virginia", "domain": "odu.edu"},
  {"name": "Virginia Commonwealth University", "country": "United States", "state": "Virginia", "domain": "vcu.edu"},
  {"name": "College of William & Mary", "country": "United States", "state": "Virginia", "domain": "wm.edu"},
  {"name": "University of Richmond", "country": "United States", "state": "Virginia", "domain": "richmond.edu"},
  {"name": "Duke University", "country": "United States", "state": "North Carolina", "domain": "duke.edu"},
  {"name": "North Carolina State University", "country": "United States", "state": "North Carolina", "domain": "ncsu.edu"},
  {"name": "East Carolina University", "country": "United States", "state": "North Carolina", "domain": "ecu.edu"},
  {"name": "Appalachian State University", "country": "United States", "state": "North Carolina", "domain": "appstate.edu"},
  {"name": "University of Miami", "country": "United States", "state": "Florida", "domain": "miami.edu"},
  {"name": "Florida State University", "country": "United States", "state": "Florida", "domain": "fsu.edu"},
  {"name": "University of Central Florida", "country": "United States", "state": "Florida", "domain": "ucf.edu"},
  {"name": "University of South Florida", "country": "United States", "state": "Florida", "domain": "usf.edu"},
  {"name": "Florida International University", "country": "United States", "state": "Florida", "domain": "fiu.edu"},
  {"name": "Florida Atlantic University", "country": "United States", "state": "Florida", "domain": "fau.edu"},
  {"name": "University of North Florida", "country": "United States", "state": "Florida", "domain": "unf.edu"},
  {"name": "University of West Florida", "country": "United States", "state": "Florida", "domain": "uwf.edu"},
  {"name": "University of Houston", "country": "United States", "state": "Texas", "domain": "uh.edu"},
  {"name": "Rice University", "country": "United States", "state": "Texas", "domain": "rice.edu"},
  {"name": "Baylor University", "country": "United States", "state": "Texas", "domain": "baylor.edu"},
  {"name": "Southern Methodist University", "country": "United States", "state": "Texas", "domain": "smu.edu"},
  {"name": "Texas Christian University", "country": "United States", "state": "Texas", "domain": "tcu.edu"},
  {"name": "Texas Tech University", "country": "United States", "state": "Texas", "domain": "ttu.edu"},
  {"name": "University of Texas at Dallas", "country": "United States", "state": "Texas", "domain": "utdallas.edu"},
  {"name": "University of Texas at San Antonio", "country": "United States", "state": "Texas", "domain": "utsa.edu"},
  {"name": "University of Texas at Arlington", "country": "United States", "state": "Texas", "domain": "uta.edu"},
  {"name": "University of Texas at El Paso", "country": "United States", "state": "Texas", "domain": "utep.edu"},
  {"name": "University of North Texas", "country": "United States", "state": "Texas", "domain": "unt.edu"},
  {"name": "Texas State University", "country": "United States", "state": "Texas", "domain": "txstate.edu"},
  {"name": "University of Denver", "country": "United States", "state": "Colorado", "domain": "du.edu"},
  {"name": "Colorado State University", "country": "United States", "state": "Colorado", "domain": "colostate.edu"},
  {"name": "University of Colorado Denver", "country": "United States", "state": "Colorado", "domain": "ucdenver.edu"},
  {"name": "Colorado School of Mines", "country": "United States", "state": "Colorado", "domain": "mines.edu"},
  {"name": "Brigham Young University", "country": "United States", "state": "Utah", "domain": "byu.edu"},
  {"name": "Utah State University", "country": "United States", "state": "Utah", "domain": "usu.edu"},
  {"name": "University of Nevada, Las Vegas", "country": "United States", "state": "Nevada", "domain": "unlv.edu"},
  {"name": "University of Nevada, Reno", "country": "United States", "state": "Nevada", "domain": "unr.edu"},
  {"name": "University of New Mexico", "country": "United States", "state": "New Mexico", "domain": "unm.edu"},
  {"name": "New Mexico State University", "country": "United States", "state": "New Mexico", "domain": "nmsu.edu"},
  {"name": "University of Hawaii at Manoa", "country": "United States", "state": "Hawaii", "domain": "hawaii.edu"},
  {"name": "University of Alaska Fairbanks", "country": "United States", "state": "Alaska", "domain": "uaf.edu"},
  {"name": "Gonzaga University", "country": "United States", "state": "Washington", "domain": "gonzaga.edu"},
  {"name": "Seattle University", "country": "United States", "state": "Washington", "domain": "seattleu.edu"},
  {"name": "Washington State University", "country": "United States", "state": "Washington", "domain": "wsu.edu"},
  {"name": "University of Portland", "country": "United States", "state": "Oregon", "domain": "up.edu"},
  {"name": "Portland State University", "country": "United States", "state": "Oregon", "domain": "pdx.edu"},
  {"name": "Marquette University", "country": "United States", "state": "Wisconsin", "domain": "marquette.edu"},
  {"name": "University of Wisconsin-Milwaukee", "country": "United States", "state": "Wisconsin", "domain": "uwm.edu"},
  {"name": "Creighton University", "country": "United States", "state": "Nebraska", "domain": "creighton.edu"},
  {"name": "University of Tulsa", "country": "United States", "state": "Oklahoma", "domain": "utulsa.edu"},
  {"name": "University of Arkansas", "country": "United States", "state": "Arkansas", "domain": "uark.edu"},
  {"name": "University of Mississippi", "country": "United States", "state": "Mississippi", "domain": "olemiss.edu"},
  {"name": "Mississippi State University", "country": "United States", "state": "Mississippi", "domain": "msstate.edu"},
  {"name": "West Virginia University", "country": "United States", "state": "West Virginia", "domain": "wvu.edu"},
  {"name": "University of Louisville", "country": "United States", "state": "Kentucky", "domain": "louisville.edu"},
  {"name": "University of Cincinnati", "country": "United States", "state": "Ohio", "domain": "uc.edu"},
  {"name": "University of Dayton", "country": "United States", "state": "Ohio", "domain": "udayton.edu"},
  {"name": "Miami University", "country": "United States", "state": "Ohio", "domain": "miamioh.edu"},
  {"name": "Kent State University", "country": "United States", "state": "Ohio", "domain": "kent.edu"},
  {"name": "Bowling Green State University", "country": "United States", "state": "Ohio", "domain": "bgsu.edu"},
  {"name": "University of Toledo", "country": "United States", "state": "Ohio", "domain": "utoledo.edu"},
  {"name": "University of Akron", "country": "United States", "state": "Ohio", "domain": "uakron.edu"},
  {"name": "Cleveland State University", "country": "United States", "state": "Ohio", "domain": "csuohio.edu"},
  {"name": "Xavier University", "country": "United States", "state": "Ohio", "domain": "xavier.edu"},
  {"name": "Ball State University", "country": "United States", "state": "Indiana", "domain": "bsu.edu"},
  {"name": "Butler University", "country": "United States", "state": "Indiana", "domain": "butler.edu"},
  {"name": "Valparaiso University", "country": "United States", "state": "Indiana", "domain": "valpo.edu"},
  {"name": "University of Notre Dame", "country": "United States", "state": "Indiana", "domain": "nd.edu"},
  {"name": "Western Michigan University", "country": "United States", "state": "Michigan", "domain": "wmich.edu"},
  {"name": "Central Michigan University", "country": "United States", "state": "Michigan", "domain": "cmich.edu"},
  {"name": "Eastern Michigan University", "country": "United States", "state": "Michigan", "domain": "emich.edu"},
  {"name": "Wayne State University", "country": "United States", "state": "Michigan", "domain": "wayne.edu"},
  {"name": "Grand Valley State University", "country": "United States", "state": "Michigan", "domain": "gvsu.edu"},
  {"name": "University of Detroit Mercy", "country": "United States", "state": "Michigan", "domain": "udmercy.edu"},
  {"name": "Iowa State University", "country": "United States", "state": "Iowa", "domain": "iastate.edu"},
  {"name": "Drake University", "country": "United States", "state": "Iowa", "domain": "drake.edu"},
  {"name": "University of Northern Iowa", "country": "United States", "state": "Iowa", "domain": "uni.edu"},
  {"name": "University of South Dakota", "country": "United States", "state": "South Dakota", "domain": "usd.edu"},
  {"name": "South Dakota State University", "country": "United States", "state": "South Dakota", "domain": "sdstate.edu"},
  {"name": "University of North Dakota", "country": "United States", "state": "North Dakota", "domain": "und.edu"},
  {"name": "North Dakota State University", "country": "United States", "state": "North Dakota", "domain": "ndsu.edu"},
  {"name": "University of Montana", "country": "United States", "state": "Montana", "domain": "umt.edu"},
  {"name": "Montana State University", "country": "United States", "state": "Montana", "domain": "montana.edu"},
  {"name": "University of Wyoming", "country": "United States", "state": "Wyoming", "domain": "uwyo.edu"},
  {"name": "Boise State University", "country": "United States", "state": "Idaho", "domain": "boisestate.edu"},
  {"name": "University of Idaho", "country": "United States", "state": "Idaho", "domain": "uidaho.edu"},
  {"name": "Oxford University", "country": "United Kingdom", "state": "England", "domain": "ox.ac.uk"},
  {"name": "Cambridge University", "country": "United Kingdom", "state": "England", "domain": "cam.ac.uk"},
  {"name": "Imperial College London", "country": "United Kingdom", "state": "England", "domain": "imperial.ac.uk"},
  {"name": "London School of Economics", "country": "United Kingdom", "state": "England", "domain": "lse.ac.uk"},
  {"name": "University College London", "country": "United Kingdom", "state": "England", "domain": "ucl.ac.uk"},
  {"name": "University of Edinburgh", "country": "United Kingdom", "state": "Scotland", "domain": "ed.ac.uk"},
  {"name": "University of Manchester", "country": "United Kingdom", "state": "England", "domain": "manchester.ac.uk"},
  {"name": "King's College London", "country": "United Kingdom", "state": "England", "domain": "kcl.ac.uk"},
  {"name": "University of Toronto", "country": "Canada", "state": "Ontario", "domain": "utoronto.ca"},
  {"name": "McGill University", "country": "Canada", "state": "Quebec", "domain": "mcgill.ca"},
  {"name": "University of British Columbia", "country": "Canada", "state": "British Columbia", "domain": "ubc.ca"},
  {"name": "University of Waterloo", "country": "Canada", "state": "Ontario", "domain": "uwaterloo.ca"},
  {"name": "University of Alberta", "country": "Canada", "state": "Alberta", "domain": "ualberta.ca"},
  {"name": "McMaster University", "country": "Canada", "state": "Ontario", "domain": "mcmaster.ca"},
  {"name": "University of Montreal", "country": "Canada", "state": "Quebec", "domain": "umontreal.ca"},
  {"name": "Queen's University", "country": "Canada", "state": "Ontario", "domain": "queensu.ca"},
  {"name": "University of Sydney", "country": "Australia", "state": "New South Wales", "domain": "sydney.edu.au"},
  {"name": "University of Melbourne", "country": "Australia", "state": "Victoria", "domain": "unimelb.edu.au"},
  {"name": "Australian National University", "country": "Australia", "state": "ACT", "domain": "anu.edu.au"},
  {"name": "University of Queensland", "country": "Australia", "state": "Queensland", "domain": "uq.edu.au"},
  {"name": "University of New South Wales", "country": "Australia", "state": "New South Wales", "domain": "unsw.edu.au"},
  {"name": "Monash University", "country": "Australia", "state": "Victoria", "domain": "monash.edu"},
  {"name": "ETH Zurich", "country": "Switzerland", "state": "Zurich", "domain": "ethz.ch"},
  {"name": "EPFL", "country": "Switzerland", "state": "Vaud", "domain": "epfl.ch"},
  {"name": "University of Zurich", "country": "Switzerland", "state": "Zurich", "domain": "uzh.ch"},
  {"name": "Technical University of Munich", "country": "Germany", "state": "Bavaria", "domain": "tum.de"},
  {"name": "Ludwig Maximilian University of Munich", "country": "Germany", "state": "Bavaria", "domain": "lmu.de"},
  {"name": "Heidelberg University", "country": "Germany", "state": "Baden-Wurttemberg", "domain": "uni-heidelberg.de"},
  {"name": "Humboldt University of Berlin", "country": "Germany", "state": "Berlin", "domain": "hu-berlin.de"},
  {"name": "Free University of Berlin", "country": "Germany", "state": "Berlin", "domain": "fu-berlin.de"},
  {"name": "Sorbonne University", "country": "France", "state": "Paris", "domain": "sorbonne-universite.fr"},
  {"name": "Paris-Saclay University", "country": "France", "state": "Paris", "domain": "universite-paris-saclay.fr"},
  {"name": "Sciences Po", "country": "France", "state": "Paris", "domain": "sciencespo.fr"},
  {"name": "University of Amsterdam", "country": "Netherlands", "state": "North Holland", "domain": "uva.nl"},
  {"name": "Delft University of Technology", "country": "Netherlands", "state": "South Holland", "domain": "tudelft.nl"},
  {"name": "National University of Singapore", "country": "Singapore", "state": "Singapore", "domain": "nus.edu.sg"},
  {"name": "Nanyang Technological University", "country": "Singapore", "state": "Singapore", "domain": "ntu.edu.sg"},
  {"name": "University of Hong Kong", "country": "Hong Kong", "state": "Hong Kong", "domain": "hku.hk"},
  {"name": "Chinese University of Hong Kong", "country": "Hong Kong", "state": "Hong Kong", "domain": "cuhk.edu.hk"},
  {"name": "Hong Kong University of Science and Technology", "country": "Hong Kong", "state": "Hong Kong", "domain": "ust.hk"},
  {"name": "University of Tokyo", "country": "Japan", "state": "Tokyo", "domain": "u-tokyo.ac.jp"},
  {"name": "Kyoto University", "country": "Japan", "state": "Kyoto", "domain": "kyoto-u.ac.jp"},
  {"name": "Osaka University", "country": "Japan", "state": "Osaka", "domain": "osaka-u.ac.jp"},
  {"name": "Seoul National University", "country": "South Korea", "state": "Seoul", "domain": "snu.ac.kr"},
  {"name": "KAIST", "country": "South Korea", "state": "Daejeon", "domain": "kaist.ac.kr"},
  {"name": "Yonsei University", "country": "South Korea", "state": "Seoul", "domain": "yonsei.ac.kr"},
  {"name": "Korea University", "country": "South Korea", "state": "Seoul", "domain": "korea.ac.kr"},
  {"name": "Tsinghua University", "country": "China", "state": "Beijing", "domain": "tsinghua.edu.cn"},
  {"name": "Peking University", "country": "China", "state": "Beijing", "domain": "pku.edu.cn"},
  {"name": "Fudan University", "country": "China", "state": "Shanghai", "domain": "fudan.edu.cn"},
  {"name": "Shanghai Jiao Tong University", "country": "China", "state": "Shanghai", "domain": "sjtu.edu.cn"},
  {"name": "Zhejiang University", "country": "China", "state": "Zhejiang", "domain": "zju.edu.cn"},
  {"name": "Indian Institute of Technology Bombay", "country": "India", "state": "Maharashtra", "domain": "iitb.ac.in"},
  {"name": "Indian Institute of Technology Delhi", "country": "India", "state": "Delhi", "domain": "iitd.ac.in"},
  {"name": "Indian Institute of Technology Madras", "country": "India", "state": "Tamil Nadu", "domain": "iitm.ac.in"},
  {"name": "Indian Institute of Science", "country": "India", "state": "Karnataka", "domain": "iisc.ac.in"},
  {"name": "University of Cape Town", "country": "South Africa", "state": "Western Cape", "domain": "uct.ac.za"},
  {"name": "University of Witwatersrand", "country": "South Africa", "state": "Gauteng", "domain": "wits.ac.za"},
  {"name": "Stellenbosch University", "country": "South Africa", "state": "Western Cape", "domain": "sun.ac.za"},
  {"name": "University of Sao Paulo", "country": "Brazil", "state": "Sao Paulo", "domain": "usp.br"},
  {"name": "University of Campinas", "country": "Brazil", "state": "Sao Paulo", "domain": "unicamp.br"},
  {"name": "Pontifical Catholic University of Rio de Janeiro", "country": "Brazil", "state": "Rio de Janeiro", "domain": "puc-rio.br"},
  {"name": "National Autonomous University of Mexico", "country": "Mexico", "state": "Mexico City", "domain": "unam.mx"},
  {"name": "Monterrey Institute of Technology", "country": "Mexico", "state": "Nuevo Leon", "domain": "tec.mx"},
  {"name": "University of Buenos Aires", "country": "Argentina", "state": "Buenos Aires", "domain": "uba.ar"},
  {"name": "Pontifical Catholic University of Chile", "country": "Chile", "state": "Santiago", "domain": "uc.cl"},
  {"name": "University of Chile", "country": "Chile", "state": "Santiago", "domain": "uchile.cl"},
  {"name": "Tel Aviv University", "country": "Israel", "state": "Tel Aviv", "domain": "tau.ac.il"},
  {"name": "Hebrew University of Jerusalem", "country": "Israel", "state": "Jerusalem", "domain": "huji.ac.il"},
  {"name": "Technion - Israel Institute of Technology", "country": "Israel", "state": "Haifa", "domain": "technion.ac.il"},
  {"name": "University of Ghana", "country": "Ghana", "state": "Greater Accra", "domain": "ug.edu.gh"},
  {"name": "Kwame Nkrumah University of Science and Technology", "country": "Ghana", "state": "Ashanti", "domain": "knust.edu.gh"},
  {"name": "University of Lagos", "country": "Nigeria", "state": "Lagos", "domain": "unilag.edu.ng"},
  {"name": "University of Ibadan", "country": "Nigeria", "state": "Oyo", "domain": "ui.edu.ng"},
  {"name": "Obafemi Awolowo University", "country": "Nigeria", "state": "Osun", "domain": "oauife.edu.ng"},
  {"name": "University of Nairobi", "country": "Kenya", "state": "Nairobi", "domain": "uonbi.ac.ke"},
  {"name": "Makerere University", "country": "Uganda", "state": "Kampala", "domain": "mak.ac.ug"},
  {"name": "American University in Cairo", "country": "Egypt", "state": "Cairo", "domain": "aucegypt.edu"},
  {"name": "Cairo University", "country": "Egypt", "state": "Cairo", "domain": "cu.edu.eg"}
]
